name,email,gender,phone
Ivan Jochens,ijochens0@tumblr.com,Male,165-909-8888
Cece Rangell,crangell1@google.co.jp,Male,516-507-2266
Arvy Withull,awithull2@soundcloud.com,Male,381-402-4187
Bertie Legonidec,blegonidec3@about.me,Female,858-684-9389
Henrieta Cristofolini,hcristofolini4@cnbc.com,Female,587-837-9406
Gisela Braemer,gbraemer5@fastcompany.com,Female,707-600-1515
Cicely Garratt,cgarratt6@51.la,Female,344-621-6369
Deck Garrattley,dgarrattley7@nature.com,Male,968-688-0893
Joellen Raymen,jraymen8@surveymonkey.com,Female,272-711-3650
Son Heather,sheather9@theatlantic.com,Male,297-214-0729
Cynde Wolffers,cwolffersa@ibm.com,Polygender,628-616-8951
Andres Paulich,apaulichb@vistaprint.com,Male,386-118-8397
Kingsley Cavolini,kcavolinic@networkadvertising.org,Male,899-663-6051
Gallard Grime,ggrimed@netvibes.com,Male,704-365-2398
Cornall Mixture,cmixturee@rambler.ru,Male,696-479-1699
Barny Milstead,bmilsteadf@deliciousdays.com,Male,293-585-2636
Dario Serris,dserrisg@wisc.edu,Male,170-187-9330
Arny Cohani,acohanih@hexun.com,Male,511-516-2315
Lana Pervoe,lpervoei@upenn.edu,Polygender,218-831-8481
Neda Archambault,narchambaultj@bloglovin.com,Female,226-940-2760
Meriel Burlingham,mburlinghamk@archive.org,Genderqueer,684-327-0304
Orella Cormack,ocormackl@imgur.com,Genderfluid,771-494-2023
Talyah Peiro,tpeirom@accuweather.com,Female,387-681-9482
Nicolette Limpricht,nlimprichtn@google.nl,Female,953-347-6547
Gard Selvester,gselvestero@google.de,Male,359-936-7006
Kalila Brundrett,kbrundrettp@liveinternet.ru,Female,600-536-3244
Doris Davion,ddavionq@ebay.com,Female,708-275-4910
Dorene Lachaize,dlachaizer@cornell.edu,Female,886-884-2860
Bel Bourley,bbourleys@github.com,Female,451-827-7686
Ursula Maginot,umaginott@nbcnews.com,Female,235-957-9680
Willard MacCallum,wmaccallumu@squidoo.com,Male,438-488-9637
Fields Speedy,fspeedyv@cargocollective.com,Male,816-956-2201
Terrell Dunsire,tdunsirew@lulu.com,Male,975-803-4293
Noam Tock,ntockx@free.fr,Genderqueer,249-488-9820
Bruno Voaden,bvoadeny@accuweather.com,Male,767-142-3758
Gavrielle Gail,ggailz@dagondesign.com,Female,289-255-9313
Karon Eard,keard10@addthis.com,Female,172-345-3656
Kari Halton,khalton11@prlog.org,Female,735-388-8618
Nadine Casetti,ncasetti12@eepurl.com,Female,641-552-4955
Quinn Orrow,qorrow13@over-blog.com,Genderfluid,909-794-4933
Marne Aymer,maymer14@delicious.com,Female,955-878-9765
Riobard Copas,rcopas15@cdbaby.com,Male,309-284-3659
Dyann Zink,dzink16@mlb.com,Female,330-728-6649
Karyl McGarrahan,kmcgarrahan17@1und1.de,Female,386-626-9171
Loreen Skrzynski,lskrzynski18@mac.com,Female,226-226-6789
Delmar Halsall,dhalsall19@sohu.com,Male,908-704-1558
Steve Stare,sstare1a@thetimes.co.uk,Male,288-506-4018
Jens Staneland,jstaneland1b@usatoday.com,Male,424-746-9889
Nadean Woffenden,nwoffenden1c@purevolume.com,Agender,425-257-8966
Davis Jerrim,djerrim1d@boston.com,Male,567-742-9571
Bebe Sloley,bsloley1e@bing.com,Female,431-472-1447
Gene Batie,gbatie1f@independent.co.uk,Female,542-262-7625
Kara-lynn Sokill,ksokill1g@weebly.com,Female,154-943-9950
Glyn Sanderson,gsanderson1h@printfriendly.com,Female,613-276-4610
Dawn Skase,dskase1i@weibo.com,Female,729-533-6029
Sayers Gobolos,sgobolos1j@shareasale.com,Male,584-352-3999
Annecorinne Sealove,asealove1k@posterous.com,Female,820-563-2796
Sheela Bingham,sbingham1l@storify.com,Bigender,744-176-0131
Marne Woollends,mwoollends1m@bluehost.com,Bigender,270-784-3906
Karlis Wills,kwills1n@ucla.edu,Male,319-471-8299
Kanya Colborn,kcolborn1o@delicious.com,Female,707-988-2287
Weylin Gornall,wgornall1p@unicef.org,Bigender,281-863-5389
Rosemary Ziemen,rziemen1q@a8.net,Polygender,959-281-5485
Marilin Mackison,mmackison1r@nih.gov,Female,652-854-7079
Elyn Le Galle,ele1s@tumblr.com,Female,209-985-9267
Merrili Gamlin,mgamlin1t@arstechnica.com,Female,166-139-0614
Chico Korneichik,ckorneichik1u@is.gd,Male,258-994-8866
Dodi Halwell,dhalwell1v@godaddy.com,Female,961-788-7317
Marcelia Cinnamond,mcinnamond1w@goodreads.com,Female,582-856-8436
Derick Skeene,dskeene1x@ovh.net,Male,627-392-3911
Meredeth McIndoe,mmcindoe1y@woothemes.com,Male,544-286-9324
Torrance Dronsfield,tdronsfield1z@hc360.com,Male,309-288-3002
Rudy Huggens,rhuggens20@reference.com,Male,890-677-8668
Simonne Hayden,shayden21@hp.com,Female,144-484-1703
Lemar Gadsby,lgadsby22@cisco.com,Male,830-126-0987
Engelbert Canny,ecanny23@businesswire.com,Genderqueer,414-259-1023
Meggy Terris,mterris24@booking.com,Female,812-132-4402
Margarita Deeming,mdeeming25@quantcast.com,Female,994-214-9447
Marris Yoslowitz,myoslowitz26@acquirethisname.com,Female,497-717-2281
Lura Lewin,llewin27@nyu.edu,Female,317-366-8873
Immanuel Brightling,ibrightling28@dion.ne.jp,Male,213-885-8232
Marchall Jelkes,mjelkes29@wunderground.com,Male,479-884-0309
Massimiliano Ketcher,mketcher2a@dedecms.com,Male,773-701-6591
Teriann Gomersal,tgomersal2b@opensource.org,Female,999-789-0785
Catharina Nilles,cnilles2c@unc.edu,Agender,892-149-8421
Bennie Klimowicz,bklimowicz2d@wix.com,Male,580-512-6883
Michal Savidge,msavidge2e@wix.com,Female,390-615-2279
Lynn Giblin,lgiblin2f@google.es,Male,252-811-9716
Delmer Ioannidis,dioannidis2g@joomla.org,Genderfluid,415-839-7585
Udell Phipson,uphipson2h@msu.edu,Non-binary,172-614-3171
Jeremie Blaker,jblaker2i@dailymail.co.uk,Male,849-120-0856
Isidor Kees,ikees2j@thetimes.co.uk,Male,527-398-6365
Ingelbert Bolsover,ibolsover2k@twitpic.com,Bigender,478-989-9249
Hashim Bridgland,hbridgland2l@hexun.com,Male,152-395-7143
Isobel Restall,irestall2m@google.it,Female,428-248-5552
Selle Brimm,sbrimm2n@craigslist.org,Female,931-965-1670
Son Milkins,smilkins2o@tripod.com,Male,822-260-3925
Jerrold Skittrell,jskittrell2p@seattletimes.com,Male,706-346-5542
Erv Golden of Ireland,egolden2q@topsy.com,Male,657-866-0600
Drusie MacLaverty,dmaclaverty2r@macromedia.com,Female,288-298-1054
